[{"@type":"mappingTemplate","id":"@1","name":"Mapping_RESTV2","description":"First update","bundleVersion":"0","templateId":"@3","deployTime":1665132300000,"hasParameters":false,"valid":true,"fixedConnection":true,"hasParametersDeployed":false,"fixedConnectionDeployed":true,"tasks":0,"mappingPreviewFileRecordId":"@2","documentType":"MAPPING","references":[{"@type":"reference","refObjectId":"@8af59okbREvc1degcrrESz","refType":"connection"},{"@type":"reference","refObjectId":"@2cTfnriYRQucbGJdlDdemy","refType":"connection"}]}]